[
  {
    "address": "0x398A7A69f3c59181A1ffe34bed11DCb5DF863A8a",
    "symbol": "AETH",
    "decimal": 18,
    "name": "AKASHA Tokens",
    "uuid": "f69b8485-ca9e-59f7-8501-fa372dc0163c"
  },
  {
    "address": "0xe27826eE778B6F78a49a686dA7D64f6E7b084a4f",
    "symbol": "BHNT",
    "decimal": 0,
    "name": "Berlin Hack&Tell winner token",
    "uuid": "d3f31f66-aaac-547f-b403-7904cce9654e"
  },
  {
    "address": "0x8B65d4B7ee3FFFA986C577F0F4b70a21BaE3dD54",
    "symbol": "CTGA",
    "decimal": 18,
    "name": "Convenient To Go",
    "uuid": "2745424d-c4d4-53da-8217-7488230338e5"
  },
  {
    "address": "0x275A5B346599b56917e7B1C9de019DCf9EaD861a",
    "symbol": "KC",
    "decimal": 18,
    "name": "Karma Token",
    "uuid": "8bb7e713-6514-5778-a7a4-293f1fef0f7f"
  },
  {
    "address": "0x6475A7FA6Ed2D5180F0e0a07c2d951D12C0EDB91",
    "symbol": "NONE",
    "decimal": 0,
    "name": "None",
    "uuid": "b2b5bebe-b912-5a41-9f9c-6125d2216ab6"
  },
  {
    "address": "0x12fE174C097F6B3e876B3b060C9061F4B9dEBB80",
    "symbol": "PPD",
    "decimal": 18,
    "name": "PP Donation",
    "uuid": "cd6504f3-1fba-5591-8d5f-f76a03d7ba23"
  },
  {
    "address": "0x2d427D9E535e4382606B93290dcC13a5e9A694Be",
    "symbol": "qwe",
    "decimal": 18,
    "name": "qweToken",
    "uuid": "fe67699a-dde2-5d81-a6b2-90b06c342766"
  },
  {
    "address": "0x3615757011112560521536258c1E7325Ae3b48AE",
    "symbol": "RDN",
    "decimal": 18,
    "name": "Raiden",
    "uuid": "fb4c2da7-0cde-5f5e-85b6-bff70332586a"
  },
  {
    "address": "0xf1e6Ad3a7eF0c86c915F0feDF80eD851809bEA90",
    "symbol": "RLC",
    "decimal": 9,
    "name": "iExec RLC",
    "uuid": "2ed4bd88-b8e9-5661-930a-358d9bcc24c4"
  },
  {
    "address": "0x0A057a87CE9C56D7e336B417c79cf30E8d27860B",
    "symbol": "WALL",
    "decimal": 15,
    "name": "WALLETH Community-Token",
    "uuid": "4ef21708-7154-5108-9309-678f52267a54"
  }
]