[
  {
    "address": "0xFF3bF057ADF3b0E015b6465331a6236e55688274",
    "symbol": "BEER",
    "decimal": 0,
    "name": "BEER",
    "uuid": "3af0e000-d98f-58ea-8138-cf977ef73bd6"
  },
  {
    "address": "0x08533D6A06CE365298b12Ef92eb407cBA8Aa8273",
    "symbol": "CEFS",
    "decimal": 8,
    "name": "CEFS",
    "uuid": "f928beb9-cc54-5ac9-a1b8-fbe068660a3e"
  },
  {
    "address": "0x94aD7e41c1D44022C4F47cb1Ba019Fd1a022c536",
    "symbol": "DOT",
    "decimal": 8,
    "name": "DOT",
    "uuid": "783f14c8-06c6-5d2f-8a40-0eef4178df2e"
  },
  {
    "address": "0x4b4899a10F3E507DB207b0ee2426029eFa168a67",
    "symbol": "QWARK",
    "decimal": 8,
    "name": "QWARK",
    "uuid": "80fad14e-93a5-5bdb-9ed8-998218cec7e8"
  },
  {
    "address": "0x5e1715bB79805Bd672729760B3f7F34D6f485098",
    "symbol": "RICKS",
    "decimal": 8,
    "name": "RICKS",
    "uuid": "5c604fe8-2a89-5b7d-b09b-e690dab9146f"
  }
]